timestamp,emotion,description
2025-09-17 09:53:00,沮丧,C.沮丧（反复报错，难以解决）
2025-09-17 09:55:42,沮丧,C.沮丧（反复报错，难以解决）
2025-09-17 10:45:37,沮丧,C.沮丧（反复报错，难以解决）
2025-09-17 10:47:55,沮丧,C.沮丧（反复报错，难以解决）
2025-09-17 10:50:01,沮丧,C.沮丧（反复报错，难以解决）
2025-09-17 10:50:28,无聊,B.无聊（简单重复，缺乏挑战）
2025-09-17 10:52:33,专注,A.专注（流畅编码，完全投入）
2025-09-17 12:28:41,无聊,B.无聊（简单重复，缺乏挑战）
2025-09-17 12:31:34,无聊,B.无聊（简单重复，缺乏挑战）
2025-09-17 18:47:51,沮丧,""
2025-09-17 20:36:42,沮丧,C.沮丧（反复报错，难以解决）
2025-09-17 20:39:16,困惑,D.困惑（思路卡壳，不知方向）
2025-09-17 20:51:51,沮丧,C.沮丧（反复报错，难以解决）
2025-09-17 20:54:12,无聊,B.无聊（简单重复，缺乏挑战）
2025-09-17 21:10:04,无聊,B.无聊（简单重复，缺乏挑战）
2025-09-17 21:13:17,沮丧,C.沮丧（反复报错，难以解决）
2025-09-18 00:36:29,无聊,B.无聊（简单重复，缺乏挑战）
2025-09-18 00:40:59,专注,A.专注（流畅编码，完全投入）
2025-09-18 00:43:03,专注,A.专注（流畅编码，完全投入）
2025-09-18 00:52:09,专注,A.专注（流畅编码，完全投入）
2025-09-18 00:54:13,沮丧,C.沮丧（反复报错，难以解决）
2025-09-18 10:22:49,专注,A.专注（流畅编码，完全投入）
2025-09-18 10:28:00,专注,A.专注（流畅编码，完全投入）
2025-09-18 10:30:06,专注,A.专注（流畅编码，完全投入）
2025-09-18 10:34:35,无聊,B.无聊（简单重复，缺乏挑战）
2025-09-18 10:47:59,无聊,B.无聊（简单重复，缺乏挑战）
2025-09-18 10:51:39,专注,A.专注（流畅编码，完全投入）
